<?xml version="1.0" encoding="utf-8"?>
<lom xmlns="http://ltsc.ieee.org/xsd/LOM" xmlns:xsi="http://www.w3.org/2001/XMLSchema-instance" xmlns:pkgprop="http://www.scorm.com/xsd/ScormEnginePackageProperties" xsi:schemaLocation="http://ltsc.ieee.org/xsd/LOM lomLoose.xsd http://www.scorm.com/xsd/ScormEnginePackageProperties ScormEnginePackageProperties.xsd">
  <metametadata>
    <metadataSchema>LOMv1.0</metadataSchema>
    <metadataSchema>ADL SCORM 1.2</metadataSchema>
    <identifier>
      <catalog>URI</catalog>
      <entry>AF.EE4M.CICOMCourse.a522d7ff-cfde-45f7-bd92-3c9a7d26b9b7</entry>
    </identifier>
    <language>en-US</language>
    <contribute>
      <role>
        <source>LOMv1.0</source>
        <value>Creator</value>
      </role>
      <entity><![CDATA[BEGIN:VCARD
VERSION:2.1
FN:Ander F
ORG:EE4M
TEL;WORK;VOICE:(000) 000-0000
ADR;WORK:;;my address
EMAIL;PREF;INTERNET:ander_frago@cuatrovientos.org
URL:http://ee4m.eu/
END:VCARD  ]]></entity>
      <date>
        <dateTime>2024-10-10</dateTime>
        <description language="en-US"><![CDATA[1728537895815]]></description>
      </date>
    </contribute>
  </metametadata>
  <general>
    <identifier>
      <catalog>URI</catalog>
      <entry>AF.EE4M.CICOMCourse.a522d7ff-cfde-45f7-bd92-3c9a7d26b9b7</entry>
    </identifier>
    <title>
      <string language="en-US"><![CDATA[CIC OM Course]]></string>
    </title>
    <language>en-US</language>
    <description>
      <string language="en-US"><![CDATA[Intro to Operations Management]]></string>
    </description>
    <structure>
      <source>LOMv1.0</source>
      <value>atomic</value>
    </structure>
    <aggregationLevel>
      <source>LOMv1.0</source>
      <value>1</value>
    </aggregationLevel>
    <keyword>
      <string language="en-US"><![CDATA[scorm]]></string>
    </keyword>
    <keyword>
      <string language="en-US"><![CDATA[test]]></string>
    </keyword>
    <keyword>
      <string language="en-US"><![CDATA[course]]></string>
    </keyword>
  </general>
  <lifeCycle>
    <version>
      <string language="en-US">0.2.4</string>
    </version>
    <status>
      <source>LOMv1.0</source>
      <value>final</value>
    </status>
    <contribute>
      <entity><![CDATA[BEGIN:VCARD
VERSION:2.1
FN:Ander F
ORG:EE4M
TEL;WORK;VOICE:(000) 000-0000
ADR;WORK:;;my address
EMAIL;PREF;INTERNET:ander_frago@cuatrovientos.org
URL:http://ee4m.eu/
END:VCARD  ]]></entity>
      <date>
        <dateTime>2024-10-10</dateTime>
        <description language="en-US"><![CDATA[1728537895815]]></description>
      </date>
    </contribute>
    <contribute>
      <role>
        <source>LOMv1.0</source>
        <value>Author</value>
      </role>
      <entity><![CDATA[BEGIN:VCARD
VERSION:2.1
FN:Ander F
ORG:EE4M
TEL;WORK;VOICE:(000) 000-0000
ADR;WORK:;;my address
EMAIL;PREF;INTERNET:ander_frago@cuatrovientos.org
URL:http://ee4m.eu/
END:VCARD  ]]></entity>
      <date>
        <dateTime>2024-10-10</dateTime>
        <description language="en-US"><![CDATA[1728537895815]]></description>
      </date>
    </contribute>
    <contribute>
      <role>
        <source>LOMv1.0</source>
        <value>Publisher</value>
      </role>
      <entity><![CDATA[BEGIN:VCARD
VERSION:2.1
FN:Ander F
NOTE:version 0.2.4 
ORG:EE4M
TEL;WORK;VOICE:(000) 000-0000
ADR;WORK:;;my address
EMAIL;PREF;INTERNET:ander_frago@cuatrovientos.org
URL:http://ee4m.eu/
END:VCARD  ]]></entity>
      <date>
        <dateTime>2024-10-10</dateTime>
        <description language="en-US"><![CDATA[1728537895815]]></description>
      </date>
    </contribute>
    <contribute>
      <role>
        <source>LOMv1.0</source>
        <value>Technical Implementer</value>
      </role>
      <entity><![CDATA[BEGIN:VCARD
VERSION:2.1
FN:Ander F
ORG:EE4M
TEL;WORK;VOICE:(000) 000-0000
ADR;WORK:;;my address
EMAIL;PREF;INTERNET:ander_frago@cuatrovientos.org
URL:http://ee4m.eu/
END:VCARD  ]]></entity>
      <date>
        <dateTime>2024-10-10</dateTime>
        <description language="en-US"><![CDATA[1728537895815]]></description>
      </date>
    </contribute>
  </lifeCycle>
  <technical>
    <format>text/html</format>
    <format>application/x-javascript</format>
    <format>text/css</format>
    <size/>
    <location>index.html</location>
    <duration>
      <duration>PT0H0M0S</duration>
      <description>
        <string language="en-US"><![CDATA[The time it will take to watch the entire module from start to finish.]]></string>
      </description>
    </duration>
    <pkgprop:ScormEnginePackageProperties xmlns="http://www.scorm.com/xsd/ScormEnginePackageProperties">
      <appearance>
        <displayStage>
          <desired>
            <width>1280</width>
            <height>720</height>
            <fullscreen>yes</fullscreen>
          </desired>
          <required>
            <width>300</width>
            <height>300</height>
            <fullscreen>no</fullscreen>
          </required>
        </displayStage>
      </appearance>
      <behavior>
        <alwaysFlowToFirstSco>yes</alwaysFlowToFirstSco>
        <rollupEmptySetToUnknown>yes</rollupEmptySetToUnknown>
      </behavior>
    </pkgprop:ScormEnginePackageProperties>
  </technical>
  <educational>
    <typicalLearningTime>
      <duration>PT0H5M0S</duration>
      <description>
        <string language="en-US"><![CDATA[The average time for a learner to complete this course.]]></string>
      </description>
    </typicalLearningTime>
    <description>
      <string><![CDATA[Intro to Operations Management]]></string>
    </description>
    <language>en-US</language>
  </educational>
  <rights>
    <copyrightAndOtherRestrictions>
      <source>LOMv1.0</source>
      <value>no</value>
    </copyrightAndOtherRestrictions>
    <description>
      <string language="en-US"><![CDATA[©2024 EE4M. All right reserved.]]></string>
    </description>
  </rights>
</lom>